{"schemaVersion":"1.0","appDefinitionTemplate":{"id":"/providers/Microsoft.PowerApps/apps/","type":"Microsoft.PowerApps/apps","tags":{"primaryDeviceWidth":"1366","primaryDeviceHeight":"768","supportsPortrait":"false","supportsLandscape":"true","primaryFormFactor":"Tablet","showStatusBar":"false","publisherVersion":"3.24123.12","minimumRequiredApiVersion":"2.2.0","hasComponent":"false","hasUnlockedComponent":"false","isUnifiedRootApp":"false","sienaVersion":"20250121T185548Z-3.24123.12.0"},"properties":{"appVersion":"2025-01-21T18:55:48Z","lifeCycleId":"Published","createdByClientVersion":{"major":3,"minor":24123,"build":12,"revision":0,"majorRevision":0,"minorRevision":0},"minClientVersion":{"major":3,"minor":24123,"build":12,"revision":0,"majorRevision":0,"minorRevision":0},"backgroundColor":"RGBA(0,176,240,1)","backgroundImageUri":"/8988867391577252728/N7c8a13ca-8d49-4dad-9e11-ca4f42d071a4-logoSmallFile","displayName":"Battleship","description":"","commitMessage":"","appUris":{"documentUri":{"value":"/8988867391577252728/Nade59989-3f73-4420-9a5f-f31049b2e943-document.msapp"},"imageUris":[],"additionalUris":[{"isSolutionAware":false,"value":"/8988867391577252728/N985fe906-ea69-4504-bc26-c1d7b40cda0f-identity.json"}]},"createdTime":"0001-01-01T00:00:00Z","lastModifiedTime":"0001-01-01T00:00:00Z","sharedGroupsCount":0,"sharedUsersCount":0,"connectionReferences":{},"databaseReferences":{},"almMode":"Environment","performanceOptimizationEnabled":false,"canConsumeAppPass":false,"enableModernRuntimeMode":false,"executionRestrictions":{"isTeamsOnly":false,"dataLossPreventionEvaluationResult":{"status":"Compliant","lastEvaluationDate":"2024-12-02T17:52:49.2549334Z","violations":[],"violationsByPolicy":[],"violationErrorMessage":"The app uses the following connectors: ."}}},"isAppComponentLibrary":false,"appType":"ClassicCanvasApp","appComponents":[]}}