{"__Version":"0.1","App":"64739dde-7d6d-4ea7-b6d0-8bc3a781124d","Test_7F478737223C4B69":"1b44b6bd-a27d-4b93-ba89-f6546a53ecc2","Host":"0fa8f6f0-0fec-40d8-924b-4c14045e9b00","User Fleet Screen Easy":"c54e3b37-4571-4e6d-b8c0-f64e98fb06e0","tmrComputerMove_Easy":"c088a9e9-d885-41dd-83df-ce698f4c5c63","audBackground_Easy":"a266d9f0-92dd-4db4-96a6-0df6c16da237","audDestroy_Easy":"1565b343-1e75-4869-939f-5db801d9d0ef","audHit_Easy":"a07af877-e97e-4a0a-a175-7c3e6b692ada","audMiss_Easy":"b80671a1-4c2d-4f32-ab2c-a223305b8a46","lblYourFleetHeader_Easy":"f33e8aed-dc7d-457f-8e0d-ee25a251f058","imgHome_CoinToss":"4b8359d0-4494-4956-9596-c89f13db0a66","imgShip5_Easy":"fb521c82-470d-467e-b5e1-2cc360e8f182","imgShip4_Easy":"dceaeaaa-90e8-4490-b231-68d3db5dde7c","imgShip3_Easy":"b231a95e-2904-460d-8bd0-4c7a2cad17f8","imgShip2_Easy":"6cb70409-18bf-4aef-9918-a9d8780b5703","imgShip1_Easy":"a3ef19d7-f03b-4b32-8e9f-87b7368d3b56","conGameOverParent_Easy":"dae2d088-4fdc-451c-aeab-9bbda9828ac7","conGameOver_Easy":"67c39284-0f00-41bb-afce-9a3e7e9866ea","lblGameOver_Easy":"3507e4d7-75fd-4a2f-a9b0-12801a928dbf","btnReturnToHome_Easy":"51202db4-2fec-4c37-bbc3-525392e909fe","conShipDestroyedParent_Easy":"556bec19-000e-4b41-9c76-e506f84f0363","conShipDestroyed_Easy":"4a9a3d04-7155-48ab-a98f-8125f3a366be","imgGameOver_ComputerFleet":"ad2369c7-ec85-4da0-b119-c33240fd3f8c","imgGameOver_Difficult":"5865f25c-3df8-473a-88b5-e120f61afbd7","imgExit_CoinToss":"1f4fbcf5-79e6-43eb-b2ca-d6c4b78e549f","galBoard_Easy":"9a0f9bda-3195-4846-864a-5d9d0decb103","galleryTemplate3_16":"17bb354e-f097-41d5-a8da-f5cd74eb3a0d","lblGridNumber_Easy":"5de44450-7fd7-4740-81f2-80d4ff284274","btnShowHitOrMiss_Easy":"8aa78d1f-3a45-496d-9dbf-059a82e243da","btnGoToComputersFleet_Easy":"9e70ac12-72be-4fad-aec8-b4d65aee30d6","grpShips_Easy":"04004c46-66ff-44f1-94df-17090d2b2df3","Home Screen":"3db3ac62-bc17-4497-b523-4fe36b10416f","audBackground_Home":"7dc1be68-c0aa-42c0-829d-01e29ee837bd","lblDifficultyLevelHeader":"3c35286e-c5e3-4513-8501-3a9983e483b9","conSettingsParent":"2ebacc8f-45f0-4146-9a75-9dbd98198ed7","conSettings":"8ed26f69-323a-45b2-a03a-9b5b8bfcfeb8","galStats":"fb2951c4-76ad-4213-a9af-3aaefd739623","galleryTemplate3":"1cdd1949-5e4f-4a52-9777-ff2d24cb4448","lblStatName":"08067fe3-1338-450b-b6d2-933ab7c90a97","lblStatValue":"de6d1112-4517-4673-8f4d-6000b95bdf04","tglBackgroundMusic":"11eccb59-da5f-4546-8818-318eb1fca230","tglSFX":"663a1861-38d2-4a86-886e-5b8c9d50c54c","btnCloseSettings":"c2c5ed46-f15a-4bc4-87e9-7910941dca4f","conInstructions":"850c999a-336b-4779-a74a-d5063e17e896","galDifficultyLevels":"f639363c-48ea-4b39-8e60-c82a4e92cca9","galleryTemplate5":"27b10124-c8b2-472f-bd64-b935df646508","btnSelectDifficultyLevel":"7f8873ce-9be6-4cae-89da-e3168d665102","Welcome Screen":"9af50926-7eb4-475a-a7d3-59c105b026ff","tmrLoading":"0db40b53-81ea-48e9-a5a5-22ec6151b747","Ship Setup Screen":"3e32d901-0412-4fb8-870a-27f7c0434fb3","audBackground_ShipSetup":"9bb964bc-a0d3-49a5-ba14-a91f76fb8a90","lblSetupYourShipsHeader":"0b92475f-1e0e-41ea-8585-7ec034da7def","imgSettings":"06c64106-b379-4c46-9426-e27bfefbd4fe","conShipSetupConfirmationParent":"f7551e10-e473-4702-9410-80cede130356","conShipSetupConfirmation":"11ee92eb-e66b-4c4e-a7ed-10b5637b9dea","lblShipSetupConfirmation":"f5f1cb37-8dc7-415a-9d11-4ac04f6835e7","btnCoinToss":"ca441056-cb59-46d0-b921-a1cf5a81c989","imgExit_Home":"fa4bea05-4e3e-4b21-b899-192410930875","imgShip1_ShipSetup":"2ace867e-a4f9-4cea-a559-dc921ecfd82b","galBoard_ShipSetup":"899786e1-3443-4a26-bfc1-2848f542bb40","galleryTemplate3_14":"34ded963-454c-46f2-89a5-ce13d6f7875b","lblGridNumber_ShipSetup":"5edafb05-d959-4b4c-ba6c-259c3c9d5029","btnShowHitOrMiss_ShipSetup":"f0eb9d08-1c13-4819-92f4-fc87df283652","conShipSetup":"dec5348e-01a2-4e01-ba11-a537a3a1db65","icnMoveShipUp":"f0067859-63fc-42d4-9326-1b57b1838cd2","icnMoveShipLeft":"06fadf96-63f4-4ab6-b8ac-64927795d169","icnMoveShipRotate":"ad06cb34-47cb-408b-8b65-1b32dc5ec9bf","icnMoveShipRight":"4b1f9775-c1c7-4a42-8422-de98c2e1559c","icnMoveShipDown":"9dfa27d7-a7f4-4c34-9835-d9fcfa08b4c8","imgShip5_ShipSetup":"0c855d10-58fb-4ced-bd65-20cd122877e7","imgShip2_ShipSetup":"ba8545d7-925e-4745-a4cf-5b051c449cf3","btnSetupShips":"a74c6485-0cb6-4cff-94f5-6c9f2547ee93","imgShip3_ShipSetup":"22d6891b-26e3-4f08-9f95-23e7bd213e82","imgShip4_ShipSetup":"f1c52945-6d86-498b-8e71-9ffc54118005","grpShips_ShipSetup":"45a6417f-ca61-4eba-886d-0cb4d6bca3a1","Coin Toss Screen":"23ab8f91-e13b-4cb4-b93d-60a354c76455","audBackground_CoinToss":"f72bebdc-36fb-4051-9b92-8e8b276a5fa8","lblCoinTossHeader":"d31e70d8-19f3-47e2-838d-c0c5808b80c5","imgHome_ShipSetup":"0dc4b600-281b-41b8-acaf-cfb2f27177b3","conCoinTossResultParent":"a79800d8-275f-4681-be7f-459cda1d7d7b","conCoinTossResult":"98ba300a-9b38-4f4d-8a8f-b57f9681a18a","lblCoinTossResult":"7376b731-1220-427c-af16-9d5d37db7489","btnStartGame":"e2f7a480-2a18-4c51-80c5-884707f2ba31","imgExit_ShipSetup":"09362d5b-b6a4-4940-a76b-f6945bb6fa4b","galCoins":"194c54a3-4e2e-4346-9763-13597119105e","galleryTemplate4":"5813a250-7244-46bd-8dd8-b82705cc6428","imgCoin":"6888843d-e5be-4c5b-b426-29ae081d84e4","btnCoinFlip":"bc5fc601-797e-4cd3-8aff-bf44308f70bc","Computer Fleet Screen":"78551b5f-b2c1-4c85-a58a-a8e0fa85d2c0","audBackground_ComputerFleet":"0546d197-c400-4d4e-baba-149fef6f2ec8","audDestroy_ComputerFleet":"ab5254ea-621b-40c1-994a-6fe2ff4ac06a","audHit_ComputerFleet":"3a4b8325-2ce3-4f80-a4bf-3ad57197161c","audMiss_ComputerFleet":"3c3b739a-1b47-4497-876c-11f5a258d6c0","lblComputersFleetHeader":"50d72d17-1fbd-4126-ae4b-94210c0f1ff0","imgHome_Medium":"c2b071ab-375b-4dd3-bb97-25a1dfb3ff43","imgShip5_ComputerFleet":"870c8224-4cf0-407d-9625-4a3aa3e2876d","imgShip4_ComputerFleet":"d9835f61-af58-4380-971b-307a09e2117f","imgShip3_ComputerFleet":"480a05cf-031f-44a9-829a-9209c302e33f","imgShip2_ComputerFleet":"e17a75d7-1b25-4b08-bc18-850b187341e2","imgShip1_ComputerFleet":"d326a4fe-01a1-4249-94eb-60fa1b26542d","conGameOverParent_ComputerFleet":"3fd687cb-398d-42c5-b8d0-36c109f811e6","conGameOver_ComputerFleet":"2298fcbc-2791-4706-b82c-d8ff3ca3cd92","lblGameOver_ComputerFleet":"37574f27-fa6b-40fb-a991-88696eda5aac","btnReturnToHome_ComputerFleet":"543b3863-87dc-4731-ac2a-5bf5ef00f136","conShipSetupParent_ComputerFleet":"5edf98e1-4b5a-4290-b909-6a9c2ef6246a","conShipSetup_ComputerFleet":"8b986902-f69e-49d3-b0cd-824d9d5686c5","lblShipSetup_ComputerFleet":"52b4ccc7-0e8b-43ed-8f3a-e705486ea44d","conShipDestroyedParent_ComputerFleet":"7fc5317e-81fe-4469-9062-ec7ce40174f5","conShipDestroyed_ComputerFleet":"cc416e66-b7db-46fd-816d-14cc8610df3a","tmrShipDestroyed_ComputerFleet":"72f5883f-c7a0-40f6-ab23-532f04c50be4","imgShipDestroyed_Difficult":"68a54ffc-fcd0-43b8-843a-68e17667ddbb","imgExit_Medium":"7ee83eac-ce1a-4bcb-a410-570c030fd357","galBoard_ComputerFleet":"759d2578-1270-4047-adaf-50945b56ad42","galleryTemplate3_15":"ca05c1c6-c3d3-4533-b26c-807fa45c9126","lblGridNumber_ComputerFleet":"36a88901-f656-49b1-92b5-ce41cda5d65e","btnSelectCell_ComputerFleet":"424ad087-de35-4093-8187-1ee432f401a1","btnShowHitOrMiss_ComputerFleet":"90e86e22-5a3e-4c81-aacb-a580b8a0e12b","btnGoToUserFleet":"b1d9b3d5-4d59-48e1-ad16-de92a889c82f","grpShips_ComputerFleet":"73460eac-2107-4380-bb43-0b64c507e27b","User Fleet Screen Medium":"7e5c16f2-ba13-4d2a-a7da-a6dbd20a2dda","tmrComputerMove_Medium":"42c74647-8afe-421f-888d-a1502d848493","audBackground_Medium":"65a6baef-22c2-493e-937e-cfbb01658e42","audDestroy_Medium":"3714763d-539b-4710-89ea-bade004a2d2e","audHit_Medium":"2463fcd1-a02b-4a62-b882-1a8c7d6c8ee4","audMiss_Medium":"4bb572be-a320-41d3-9209-f3cd82d106fe","lblYourFleetHeader_Medium":"32c86edb-2e27-4ec2-903b-c7e35a844965","imgHome_Easy":"deca48d5-e102-4205-a7f9-33aa27c6b052","imgShip5_Medium":"6bdbba63-ffe0-4ef2-99aa-2bf0512e48f9","imgShip4_Medium":"6e7bd563-e3dd-426b-85ac-0bbe2214b5e9","imgShip3_Medium":"68a8f84e-dbfd-4965-8820-5499f96f3672","imgShip2_Medium":"632a2336-9153-42f7-8a74-c2b5418857c3","imgShip1_Medium":"37e3e947-5c07-425b-af0f-1652affd989f","conGameOverParent_Medium":"892e983d-3929-41d1-bb80-17e0a1d78970","conGameOver_Medium":"41b98e8a-41f8-47bf-ba2b-a4cac9fe9385","lblGameOver_Medium":"db059059-bb1f-4375-be56-873b9af2bbe8","btnReturnToHome_Medium":"feae30a2-7f12-4c42-a1ad-cb3cb014d96d","conShipDestroyedParent_Medium":"5b740af0-eaf7-464e-8029-ce62697d252c","conShipDestroyed_Medium":"8321d36b-5616-4882-a3b6-46efea7f2d44","imgShipDestroyed_Easy":"131cd6df-d91e-4797-80ae-6f8c6055cec9","imgGameOver_Medium":"9e925412-cb79-4475-9c36-7b61de325fda","imgExit_Easy":"3036716e-beab-4a2a-b3f9-a92980cbf60f","galBoard_Medium":"927b5acb-fe71-4eda-8c6b-f22f05b6b6e0","galleryTemplate3_17":"0e29b7a1-c28f-4930-9d51-adcd307f1141","lblGridNumber_Medium":"3aa0d65e-09e4-4092-99ba-5f6f3a1bb8d5","btnShowHitOrMiss_Medium":"7f01a776-61f7-47b3-af5c-729f94902c43","btnGoToComputersFleet_Medium":"c403c426-261e-49c1-a54d-f70d4560a38b","grpShips_Medium":"4d173dbf-46a0-473d-a8b7-71027a8f2317","User Fleet Screen Difficult":"fd26d2bf-3e79-4fe1-bcb1-02475b64992d","tmrComputerMove_Difficult":"31fa8632-69ba-49dd-90e7-817a34c1f5db","audBackground_Difficult":"03e2b05e-fa34-4d9f-acfa-1e49307aa73e","audDestroy_Difficult":"5c475e3b-b713-4557-b94f-e27d2240d99b","audMiss_Difficult":"d877f5f3-cefc-4ed3-960d-55a14c7473af","audHit_Difficult":"b3d443c4-6159-4695-a661-bdd9e748cbc4","lblYourFleetHeader_Difficult":"a7dcfbb0-62ab-4608-999a-47df86d9f165","imgHome_ComputerFleet":"1f5cb5fb-f179-4d9a-b4c5-ff07ad443d22","imgShip5_Difficult":"db6ea35a-4991-4c5a-883c-9717a6bea293","imgShip4_Difficult":"b72da6ad-7f59-4f30-b7d0-7a2dc76b3cef","imgShip3_Difficult":"f87b3759-798f-4438-8139-9e88e29e3810","imgShip2_Difficult":"6d995947-82f1-4512-9a7a-70badaa8d207","imgShip1_Difficult":"634daa15-ac7f-499b-b52d-4b8b4acd9567","btnFirstComputerMove_Difficult":"81eba4d6-105b-40c1-85dd-caad39509624","btnComputerMoveStep1_Difficult":"149f71d8-985a-4721-a776-68b440020984","btnComputerMoveStep2_Difficult":"ce9861f4-e1b3-4884-a7ec-3ce7251ea22d","btnComputerMoveStep3_Difficult":"327ca9f3-731e-44c3-884b-82b6a3496636","btnComputerMoveStep4_Difficult":"1bb36b41-dde4-4be1-a560-e67a33131719","btnComputerMoveStep5_Difficult":"1177d4e1-e3d9-4bfc-bd94-5a3450397c7c","btnComputerMoveVerticalShip_Difficult":"15e32ecb-f22f-40c3-ad38-bf1ba6f72bbb","btnComputerMoveHorizontalShip_Difficult":"703e8383-a6e6-47ec-955a-b6f36a361737","conGameOverParent_Difficult":"ad9cfb71-5218-4105-89eb-4a9eff5d18d6","conGameOver_Difficult":"c5e6de40-b823-49b4-8bdf-0968475ef7d5","lblGameOver_Difficult":"1c97847f-7e1c-48c1-9544-a0adf57f2ce7","btnReturnToHome_Difficult":"68b5eb0d-b167-47d7-8323-872537a1c5e9","conShipDestroyedParent_Difficult":"ca2934eb-9b71-4051-8127-4a5c27353dbc","conShipDestroyed_Difficult":"e7a869e2-184c-48e9-9710-7736f1eda8bf","tmrShipDestroyed_Difficult":"31b139d4-3e12-4e09-a46b-2016aa82193d","tmrShipDestroyed_Medium":"9183a6a1-145f-43fe-a260-207272195df8","imgExit_ComputerFleet":"01b7f395-6add-4bd8-8651-24134097ab97","galBoard_Difficult":"c83a51ae-990e-408f-a876-8f9252bf524d","galleryTemplate3_19":"501872ad-c8d0-4b08-8e57-334a0ed47b5e","lblGridNumber_Difficult":"f436522b-8f73-458a-aa02-021e9ba1feaf","btnShowHitOrMiss_Difficult":"745e3280-46fd-4d72-90f4-a4290088370f","btnGoToComputersFleet_Difficult":"1d9af98a-b44d-41b2-be8e-da3c149a3b8f","grpShips_Difficult":"1d50b1a2-a21f-4421-8647-d01573a4e067","imgShipDestroyed_ComputerFleet":"f2bd119f-fd91-4bb1-8d7b-c6493aebd302","tmrShipDestroyed_Easy":"dc2b8f46-c7bd-478a-8b4e-d32882293ca5","imgShipDestroyed_Medium":"f761c7c5-12d1-467d-a995-0cba5dceb551","imgGameOver_Easy":"ee9d5500-1307-459d-b77a-f6bc905962f1","imgHome_Difficult":"3d09b6c6-d947-46fb-9d82-ff84041ea2b6","imgExit_Difficult":"0f5b272d-3a3b-4fa6-b0a3-89d64e5b91f5","lblInstruction1":"db14ff1b-b978-4ee1-a13a-82c8a23610f6","lblInstruction2":"fa542c8f-f3a4-40af-a702-35ca25726b15"}